Whippy	Software Engineer: Frontend	https://jobs.ashbyhq.com/whippy/da02ad44-9668-4f93-94e3-bf1a6e09ad8b/
Supabase	Product Engineer - Auth	https://jobs.ashbyhq.com/supabase/e569b7f7-fa8f-4139-86f6-4f52b456882d
Luxor	Applications Engineer - Typescript	https://jobs.ashbyhq.com/luxor/9487fe88-6217-49a1-b7a6-923f6cfc5a3e/
Toptal	Senior Frontend Engineer	https://jobs.lever.co/toptal/beafeacb-b2ee-4ac1-a0c7-5a0b089ebe66
GitBook	Product Engineer	https://jobs.ashbyhq.com/gitbook/18363361-516d-4324-b9a1-203aaf8cf3bd
Coverbase	Product Engineer	https://jobs.ashbyhq.com/coverbase/ea445cd8-4a5e-412e-b21b-64667aa8366a
Peec AI	Senior Frontend Engineer (Remote)	https://jobs.ashbyhq.com/peec/1dbb4ef4-571d-4dd7-abe0-0edf62b759e4/
Maze	Full Stack Product Engineer (TypeScript)	https://jobs.ashbyhq.com/mazedesign/691d243c-5da9-4afe-b6dc-52794e4e0de1
Dash0	Senior Product Engineer, Frontend (React, TypeScript)	https://jobs.ashbyhq.com/dash0/bb433d72-7241-49b4-acfb-a6a403f9422c/
DuckDuckGo	Senior Frontend Engineer, React/Typescript	https://jobs.ashbyhq.com/duck-duck-go/5d3e230c-ecf4-407a-a3a5-232185ce8319
